Financeiro - Controladoria Financeira- Tejotão;Column1;_1;_2;_3;_4;_5;_6;_7;_8;_9;_10
Unidades:Supermercado;Periodicidade:Mensal;Período:Abril/2026;;;;;;;;;
 ; ; ; ; ; ; ; ; ; ;;
 ; ;Movimentação Geral;VALOR;P(%); ;Resumo;Movimentação; ; ;;
 ; ;Vendas - Dinheiro;2.607.580,81;17,83%; ;(E) Entradas ==>;14.990.473,38;(I) Saldo Inicial ==>;1.486.207,81;;
 ; ;Vendas Crédito;4.475.761,71;30,60%; ;(S) Saídas ==>;14.516.525,64;(F) Saldo Final ==>;1.960.155,55;;
 ; ;Vendas Débito;5.045.732,70;34,49%; ;(=) Ent - Saídas;473.947,74;(=) Saldo I - Saldo F;473.947,74;;
 ; ;Vendas Clientes;733.351,31;5,01%; ; ; ; ; ;;
 ; ;Vendas PIX;1.667.365,72;11,40%; ;Auditoria Planilha;0,00;E-S <=> F-I;0,00;;
 ; ;Vendas - Cheques;98.932,41;0,68%; ; ; ; ; ;;
 ; ;Total de Vendas Recebidas;14.628.724,66;100,00%; ;Ponto de Equilíbrio;0,00; ; ;;
 ; ;( - ) Recebimentos S/ Movimento de Caixa;248.068,39;1,70%; ; ; ; ; ;;
 ; ;( - ) Deduções;22.209,83;0,15%; ; ; ; ; ;;
 ; ;( = ) Vendas Líquidas em Caixa;14.358.446,44;100,00%; ; ; ; ; ;;
 ; ;( - ) Compras;10.712.717,43;74,61%; ; ; ; ; ;;
 ; ;( = ) Margem de Venda;3.645.729,01;25,39%; ; ; ; ; ;;
 ; ;( - ) Impostos Sobre Vendas;393.029,29;2,74%; ; ; ; ; ;;
 ; ;( +) Acordo Comercias;25.040,85;0,17%; ; ; ; ; ;;
 ; ;( + ) Trocas/Devoluções Recebidas;90.351,10;0,63%; ; ; ; ; ;;
 ; ;( = ) Sub Total de Acordos Comerciais Geral;115.391,95;0,80%; ; ; ; ; ;;
 ; ;( + ) Outras Entradas Operacionais;28.219,78;0,20%; ; ; ; ; ;;
 ; ;( - ) Outras Saídas Operacionais;51.027,41;0,36%; ; ; ; ; ;;
 ; ;( + ) Cheques Devolvidos Recebidos;1.231,29;0,01%; ; ; ; ; ;;
 ; ;( - ) Cheques Devolvidos;3.894,08;0,03%; ; ; ; ; ;;
 ; ;Lucro Bruto;3.342.621,25;23,28%; ; ; ; ; ;;
 ; ;Custos da Operação; ; ; ; ; ; ; ;;
 ; ;Despesas Tributárias;16.577,62;0,12%; ; ; ; ; ;;
 ; ;Despesas Tributárias - Multas;0,00;0,00%; ; ; ; ; ;;
 ; ;Fretes;2.895,89;0,02%; ; ; ; ; ;;
 ; ;Despesas C/ Pessoal;1.456.144,83;10,14%; ; ; ; ; ;;
 ; ;Despesas Administrativas;676.686,04;4,71%; ; ; ; ; ;;
 ; ;Despesas Indedutíveis;7.566,85;0,05%; ; ; ; ; ;;
 ; ;Doações e Patrocínios;2.725,06;0,02%; ; ; ; ; ;;
 ; ;Alugueis;89.117,30;0,62%; ; ; ; ; ;;
 ; ;Taxas Adm de Cartões;152.383,08;1,06%; ; ; ; ; ;;
 ; ;( - ) Recuperação de Despesas;534,88;0,00%; ; ; ; ; ;;
 ; ;Total de Custos Operacionais;2.403.561,79;16,74%; ; ; ; ; ;;
 ; ;LUCRO DAS OPERAÇÕES;939.059,46;6,54%; ; ; ; ; ;;
 ; ;Resultado Financeiro;3.271,36;0,02%; ; ; ; ; ;;
 ; ;Receita Financeira;7.649,21;0,05%; ; ; ; ; ;;
 ; ;Despesas Financeiras;4.377,85;0,03%; ; ; ; ; ;;
 ; ;Lucro Antes do IR;942.330,82;6,56%; ; ; ; ; ;;
 ; ;Imposto de Renda;60.073,57;0,42%; ; ; ; ; ;;
 ; ;Lucro Líquido;882.257,25;6,14%; ; ; ; ; ;;
 ; ;Fluxo dos Investimentos & Financiamentos;382.789,91;2,67%; ; ; ; ; ;;
 ; ;SAÍDAS;382.789,91;2,67%; ; ; ; ; ;;
 ; ;( - ) Empréstimos Bancários;84.666,08;0,59%; ; ; ; ; ;;
 ; ;( - ) Parcelamentos; ;0,00%; ; ; ; ; ;;
 ; ;( - ) Imobilizado/Investimentos;298.123,81;2,08%; ; ; ; ; ;;
 ; ;( - )  Juros S/ Empréstimos;0,02;0,00%; ; ; ; ; ;;
 ; ;ENTRADAS; ;0,00%; ; ; ; ; ;;
 ; ;( + )  Empréstimos; ;0,00%; ; ; ; ; ;;
 ; ;( + )  Venda Imobilizados; ;0,00%; ; ; ; ; ;;
 ; ;( + )   Dividendos Outras Empresas; ;0,00%; ; ; ; ; ;;
 ; ;Fluxo dos Adiantamentos;2.727,31;0,02%; ; ; ; ; ;;
 ; ;( - ) Adiantamentos Efetuados;45.022,96; ; ; ; ; ; ;;
 ; ;( + ) Adiantamentos Recebidos;42.295,65; ; ; ; ; ; ;;
 ; ;Fluxo dos Cheques Emitidos;-726,74;-0,01%; ; ; ; ; ;;
 ; ;( - ) Cheques Compensados;42.005,05; ; ; ; ; ; ;;
 ; ;( + ) Cheques Emitidos;42.731,79; ; ; ; ; ; ;;
 ; ;NECESSIDADE DE C.G I;497.466,77;3,46%; ; ; ; ; ;;
 ; ;Acionistas;24.546,51;0,17%; ; ; ; ; ;;
 ; ;Recurso de Ligadas; ; ; ; ; ; ; ;;
 ; ;Recurso Enviado a Ligadas; ; ; ; ; ; ; ;;
 ; ;VARIAÇÃO DE CAIXA;472.920,26;3,29%; ; ; ; ; ;;
 ; ;Resgate/Consórcios ; ; ; ; ; ; ; ;;
 ; ;Aplicação/Consórcios; ; ; ; ; ; ; ;;
 ; ;Entradas de Correspondentes;47.523,00; ; ; ; ; ; ;;
 ; ;Saída de Correspondentes;46.495,52; ; ; ; ; ; ;;
 ; ; ; ; ; ; ; ; ; ;;
 ; ;Movimento Final;473.947,74; ; ; ; ; ; ;;
 ; ; ; ; ; ; ; ; ;111607/Resgate;0;
 ; ; ; ; ; ; ;Entradas - Total; ;112101/ Clientes a Receber;70278,62;
 ; ; ; ; ; ; ;Resgate;0,00;112150/Pix;27143,71;
 ; ; ; ; ; ; ;111101/Movimento Caixa;2.655.076,90;112210/Convênio Tejotão;27;
 ; ; ; ; ; ; ;112101/Clientes a Receber;287.736,35;112220/ G & C Hoteis;0;
 ; ; ; ; ; ; ;112103/Clientes Boletos;57.736,31;112230/ Tejotão Card 25;2123,64;
 ; ; ; ; ; ; ;112111/Ifood;19.284,78;112231/ Pereira & Sales Loterias;422,05;
 ; ; ; ; ; ; ;112149/Creditos Receber;0,00;112232/A Regional;0;
 ; ; ; ; ; ; ;112150/Pix;1.667.365,72;112238/ Parana Veiculos;0;
 ; ; ; ; ; ; ;112210/Convênio Tejotão;0,00;112240/ Esporte Clube Cometa;0;
 ; ; ; ; ; ; ;112213/Tejotão Card;29.945,95;112244/Rossini;11637,52;
 ; ; ; ; ; ; ;112220/GC Hoteis;0,00;112250/Tejotao Card - Cartoes;0;
 ; ;VALIDAÇÃO 211104;172.595,68; ; ; ;112230/ Tejotão Card 25;12.784,87;112251/ Pelegrine e Silva;4968,34;
 ; ; ; ; ; ; ;112231/Pereira & Sales;1.227,24;112252/ Livio Rinzler e Outros;6416,66;
 ; ;Serviços Normais;171.572,88; ; ; ;112232/A Regional;2.680,29;112253/Entregas e-commerce;0;
 ; ;Serviços - Investimentos;6.173,33; ; ; ;112234/Sombra Lubrificantes;6.275,91;112254/CDL- Câmara de Dirigentes Lojistas;0;
 ; ; ; ; ; ; ;112238/Parana Veiculos;0,00;112259/LF mecanização;26962,46;
 ; ; ; ; ; ; ;112240/Esporte Clube Cometa;0,00;112302/Debito-Alelo Ali;1024,09;
 ; ; ; ; ; ; ;112243/Edmar;0,00;112303/Debito -Cabal-voucher;1172,92;
 ; ; ; ; ; ; ;112244/Rossini;23.609,41;112308/Debito-Elo;1996,74;
 ; ; ; ; ; ; ;112248/Entregas a Domicilio;126.760,13;112312/Debito - Maestro;10511,18;
 ; ; ; ; ; ; ;112249/Doações a receber;2.725,06;112319/Debito- Sodexo  Alim;2907,48;
 ; ; ; ; ; ; ;112250/Tejotao Card-Cartoes;4.281,87;112320/Debito - Sodexo  Gift;0;
 ; ; ; ; ; ; ;112251/Pelegrine e Silva;9.936,68;112321/Debito - Ticket Alim;1412,54;
 ; ; ; ; ; ; ;112252/Livio Rinzler;12.138,42;112322/Debito - Ticket Restaurante;0;
 ; ; ; ; ; ; ;112253/E-commerce;39.407,72;112323/Debito - Ticket Flex;141,06;
 ; ; ; ; ; ; ;112254/CDL- Câmara de Dirigentes Lojistas;0,00;112326/Debito - Visa Electron;27734,33;
 ; ; ; ; ; ; ;112255/Tejotão Card 10;42.209,77;112327/ Debito - Alelo Refeição;61;
 ; ; ; ; ; ; ;112256/Tejotão Card 15;4.098,54;112329/Debito - VR Ali;985,03;
 ; ; ; ; ; ; ;112257/Verídiana de Aguia;0,00;112330/Debito - Sodexo Ref;0;
 ; ; ; ; ; ; ;112258/Café Tejota;65,40;112331/Débito - Sodexo Premium;0;
 ; ; ; ; ; ; ;112259/LF mecanização;77.020,80;112350/Credito -AMEX;275,47;
 ; ; ; ; ; ; ;112260/Rede Orto;415,27;112351/Credito - Hipercard;0;
 ; ; ; ; ; ; ;112302/Debito-Alelo Ali;110.615,42;112352/Credito - Cabal;0;
 ; ; ; ; ; ; ;112303/Debito - Cabal-voucher;174.499,71;112353/Credito-GoodCard;217;
 ; ; ; ; ; ; ;112308/Debito-Elo;489.522,59;112355/Credito - ECX Card;0;
 ; ; ; ; ; ; ;112312/Debito - Maestro;1.531.924,25;112357/Credito - Elo;3893,09;
 ; ; ; ; ; ; ;112311/Devedores Duvidosos;0,00;112358/Debito - Elo Voucher;548,63;
 ; ; ; ; ; ; ;112319/Debito - Sodexo - Alimentação;402.112,11;112361/Credito - Mastercard;35833,09;
 ; ; ; ; ; ; ;112320/Debito - Sodexo - Gift;0,00;112372/Credito - Visa;15592,95;
 ; ; ; ; ; ; ;112321/Debito - Ticket Alim;167.004,33;112373/Credito - Vale Card;0;
 ; ; ; ; ; ; ;112322/Debito - Ticket Restaurante;157,82;112375/Credito - Policard/Up Brasil;1479,15;
 ; ; ; ; ; ; ;112323/Debito - Ticket Flex;502,35;112379/Credito - Tricard;691,06;
 ; ; ; ; ; ; ;112326/Debito - Visa Electron;1.867.839,08;112380/Debito -VR ref;0;
 ; ; ; ; ; ; ;112327/Debito - Alelo Refeição;15.922,37;112381/Debito - Cabal;700,17;
 ; ; ; ; ; ; ;112329/Debito - VR Alimentação;181.723,34;112382/Debito- Ben Vale Refeição;0;
 ; ; ; ; ; ; ;112330/Debito - Sodexo Refeição Pass;40.588,13;112383/Debito - Ben Vale Alim;0;
 ; ; ; ; ; ; ;112331/Débito - Sodexo Premium Pass;0,00;112386/Debito-Green Card - Alimentação;0;
 ; ; ; ; ; ; ;112350/Credito - American Express - AMEX;22.677,07;112398/Pic Pay;0;
 ; ; ; ; ; ; ;112351/Credito - Hipercard;0,00;112399/POS;0;
 ; ; ; ; ; ; ;112352/Credito - Cabal;0,00;112417/Credito - Sysprocard;0;
 ; ; ; ; ; ; ;112353/Credito-GoodCard;217,00;112501/Cheque AV;7853,38;
 ; ; ; ; ; ; ;112357/Credito - Elo;398.630,70;112502/Cheque Pre;10047,49;
 ; ; ; ; ; ; ;112358/Debito - Elo Voucher;39.714,14;112503/Cheque devolvido;3894,08;
 ; ; ; ; ; ; ;112359/Credito - Elo Voucher;294,62;112703/ Devolução de Mercadoria a Receber - RCM;4698,72;
 ; ; ; ; ; ; ;112361/Credito - Mastercard;2.455.194,56;112707/Creditos Trocas em Cobrança;0;
 ; ; ; ; ; ; ;112372/Credito - Visa;1.462.701,46;112985/IRRF a Compensar;0;
 ; ; ; ; ; ; ;112373/Credito - Vale Card;38.167,11;127201/Partic em Outras Sociedades;100;
 ; ; ; ; ; ; ;112375/Credito - Policard/Up Brasil;46.878,40;127203/Aracredi Banco Cooperativa Ltda;0;
 ; ; ; ; ; ; ;112379/Credito - Tricard;46.671,17;211101/Fornec. p/ Revenda;10712717,43;
 ; ; ; ; ; ; ;112380/Debito -VR ref;12.508,61;211102/Fornec p/ Consumo;187525,84;
 ; ; ; ; ; ; ;112381/Debito - Cabal;11.098,45;211103/Fornec de Serviços;317587,32;
 ; ; ; ; ; ; ;112382/Debito- Ben Vale Refeição;0,00;211104/Faturas a Pagar;171572,88;
 ; ; ; ; ; ; ;112383/Debito - Ben Vale Alim;0,00;211105/Fretes a Pagar;2895,89;
 ; ; ; ; ; ; ;112386/Debito-Green Card - Alimentação;188,04;211109/Fornecedor de Investimento;31103,23;
 ; ; ; ; ; ; ;112398/Pic Pay;0,00;211110/Fornec desp gerais;7566,85;
 ; ; ; ; ; ; ;112417/Credito - Sysprocard;4.141,58;211201/Obrig Imobilizado;266920,58;
 ; ; ; ; ; ; ;112501/Cheque AV;11.085,42;211301/Salários e Ordenado;501677,68;
 ; ; ; ; ; ; ;112502/Cheque Pre;87.846,99;211302/Férias a Pagar;51663,71;
 ; ; ; ; ; ; ;112503/Cheque devolvido;1.231,29;211303/ 13º Salário a Pagar;0;
 ; ; ; ; ; ; ;112701/Adiant. a Fornec.;41.595,65;211304/Verbas Resc a Pagar;33706,99;
 ; ; ; ; ; ; ;112702/Acordo Comercial-verbas;24.673,29;211305/Sindicatos a Pagar;224,91;
 ; ; ; ; ; ; ;112703/Devolução RCM;61.327,64;211306/Pensão Alimentícia;2519,95;
 ; ; ; ; ; ; ;112706/Trocas A Indenizar;423,50;211307/Adiant a Func;246970,03;
 ; ; ; ; ; ; ;112707/Trocas em cobrança;39.579,98;211309/Adto 13º Salário;0;
 ; ; ; ; ; ; ;112710/Acordo Comercial-reduz;0,00;211410/Outras Obrig Trabal a Pagar;78034,44;
 ; ; ; ; ; ; ;112711/Acordo Descontos Obt;0,00;211501/ICMS a Recolher;216809,16;
 ; ; ; ; ; ; ;112713/ Acordos Bonificação;5.692,14;211502/PIS a Recolher;29948,21;
 ; ; ; ; ; ; ;112714/Sell Out;0,00;211503/COFINS a Recolher;138099,07;
 ; ; ; ; ; ; ;112799/Cred c/ Fornecedores;0,00;211504/INSS a Recolher;376002,2;
 ; ; ; ; ; ; ;112801/Adto Funcionários;700,00;211505/FGTS a Pagar;85012,24;
 ; ; ; ; ; ; ;112802/Antecipacao de Férias;0,00;211506/IRPJ a Pagar;43642,33;
 ; ; ; ; ; ; ;112807/Quebra de Caixa;3.829,09;211507/CSLL a Pagar;16431,24;
 ; ; ; ; ; ; ;112949/Outras CR;114,69;211508/IPTU a Pagar;0;
 ; ; ; ; ; ; ;112952/Adto Clientes;0,00;211509/IPVA a Pagar;5624,16;
 ; ; ; ; ; ; ;112953/Adto Clientes;23.988,25;211511/Multas a Pagar;0;
 ; ; ; ; ; ; ;121953/Depósitos Judiciais - LP;0,00;211512/Multas Trabalhistas;3725,32;
 ; ; ; ; ; ; ;211902/Contra Vale a Pagar;0,00;211513/ICMS ST à Recolher;8172,85;
 ; ; ; ; ; ; ;211910/Multi Facil - Recarga de celular;0,00;211550/Fornec Tribut a Rec;14,06;
 ; ; ; ; ; ; ;211911/Corresp. Bancário;0,00;211601/Funrural a Recolher;5043,59;
 ; ; ; ; ; ; ;211925/Acordos Com a Apropriar;0,00;211602/IRRF a Recolher;15364,57;
 ; ; ; ; ; ; ;211945/Cheques P/Pgto.;42.731,79;211603/ISSQN a Recolher;487,98;
 ; ; ; ; ; ; ;211946/Outras Contas a Pagar;0,00;211604/Pis/Cofins/Csll a Recolher;2723,88;
 ; ; ; ; ; ; ;214304( - ) Juros  Aracredi;0,00;211605/INSS Retido a Recolher;2683,95;
 ; ; ; ; ; ; ;214306( - ) Juros Safra;8.369,68;211901/Devolução de Vendas a Pagar;22209,83;
 ; ; ; ; ; ; ;313101/Juros Recebidos;776,25;211902/Contra Vale a Pagar;251,8;
 ; ; ; ; ; ; ;313102/Descontos Obtidos;3.841,45;211903/Adiant. de Clientes;50287,47;
 ; ; ; ; ; ; ;313105/Rend. Aplic. Financeira;14,75;211905/Créd Trocas/Boni Inden;6281,3;
 ; ; ; ; ; ; ;313106/Bônus Correspondente Bancário;26,91;211910/Multi Facil - Recarga de celular;0;
 ; ; ; ; ; ; ;313203/Receitas Eventuais;1,66;211911/Corresp. Bancário;34709,52;
 ; ; ; ; ; ; ;313204/Sobra de Cx Fech;0,00;211913/Alugueis a Pagar;89117,3;
 ; ; ; ; ; ; ;313206/Acordo Comerc - Verbas;24.507,43;211914/Convênios Terceiros - Folha de Pagamento;43297,94;
 ; ; ; ; ; ; ;313208/Ganho Recarga;286,09;211915/Vale - Cesta Alimentação;0;
 ; ; ; ; ; ; ;313209/SOBRA CEASA;0,00;211916/Repasse Recarga de celular;11786;
 ; ; ; ; ; ; ;331110/Encargos Sociais - INSS;0,00;211917/Vale Cesta - Consolidado;0;
 ; ; ; ; ; ; ;331413/Sistemas Monitorados;494,10;211920/Adiant. a Fornecedor;45022,96;
 ; ; ; ; ; ; ;333101/Juros Pagos;0,00;211921/Bonificações a Apropriar;5324,58;
 ; ; ; ; ; ; ;333102/Descontos Concedidos;0,00;211925/Acordos Comerciais a Apropriar;24507,43;
 ; ; ; ; ; ; ;333108/ Tarifas Bancárias;3.016,76;211930/Depositos Judiciais de Terceiros a pagar;373,55;
 ; ; ; ; ; ; ;333109/Taxas adm Cartoes;40,78;211940/Distrib de Lucro Sócios;24546,51;
 ; ; ; ; ; ; ;333114/Aluguel de P.O.S.;0,00;211945/Cheq Pré P/ Pagam;42005,05;
 ; ; ; ; ; ; ;333206/Perdas s/ Créditos;0,00;211946/Outras Contas Pagar;0;
 ; ; ; ; ; ; ; ; ;211948/Outras Contas a pagar - I;17944,85;
 ; ; ; ; ; ; ; ; ;211949/Outras CP - Fornecedores;0;
 ; ; ; ; ; ; ; ; ;214303/Banco Aracredi;0;
 ; ; ; ; ; ; ; ; ;214305/Banco Safra;84666,08;
 ; ; ; ; ; ; ; ; ;312107/Chargeback;0;
 ; ; ; ; ; ; ; ; ;313102/Descontos Obtidos;0;
 ; ; ; ; ; ; ; ; ;313107/Desc Obt - Acordos Comerciais;0;
 ; ; ; ; ; ; ; ; ;321255/( - ) Bonificações;14,59;
 ; ; ; ; ; ; ; ; ;331110/Encargos Sociais - INSS;0;
 ; ; ; ; ; ; ; ; ;331305/Multas Dedutíveis;0;
 ; ; ; ; ; ; ; ; ;332615/Taxas Ifood;2267,23;
 ; ; ; ; ; ; ; ; ;332707/Doações;2725,06;
 ; ; ; ; ; ; ; ; ;333101/Juros Pagos;635,22;
 ; ; ; ; ; ; ; ; ;333102/Desc. Concedidos;66,55;
 ; ; ; ; ; ; ; ; ;333107/IOF;474,57;
 ; ; ; ; ; ; ; ; ;333108/Tarifas Bancárias;3199,56;
 ; ; ; ; ; ; ; ; ;333109/Taxas adm Cartoes;140285,15;
 ; ; ; ; ; ; ; ; ;333111/Tarifa s/ Cobrança;1,95;
 ; ; ; ; ; ; ; ; ;333114/Aluguel de P.O.S.;2361,11;
 ; ; ; ; ; ; ; ; ;333117/Juros Empr/Financ;8369,7;
 ; ; ; ; ; ; ; ; ;333120/Tarifa  Alelo Ali;136,8;
 ; ; ; ; ; ; ; ; ;333124/Tarifa - Sodexo Alim;63,99;
 ; ; ; ; ; ; ; ; ;333125/Tarifa - Ticket Alim;1394,66;
 ; ; ; ; ; ; ; ; ;333127/ Tarifa Debito - Alelo Refeição;8,1;
 ; ; ; ; ; ; ; ; ;333128/Tarifa- VR Benef;924,72;
 ; ; ; ; ; ; ; ; ;333129/Tarifa - Sodexo Ref;37,96;
 ; ; ; ; ; ; ; ; ;333130/Tarifa- Sodexo Premium;0;
 ; ; ; ; ; ; ; ; ;333131/Tarifa - AMEX;2884,41;
 ; ; ; ; ; ; ; ; ;333133/Tarifa Credito - Cabal;0;
 ; ; ; ; ; ; ; ; ;333134/ Tarifa GoodCard;4,05;
 ; ; ; ; ; ; ; ; ;333135/Tarifa Cred System;7;
 ; ; ; ; ; ; ; ; ;333136/Tarifa - ECX Card;0;
 ; ; ; ; ; ; ; ; ;333139/Tarifa- Mastercard;0;
 ; ; ; ; ; ; ; ; ;333141/Tarifa - Vale Card;698,78;
 ; ; ; ; ; ; ; ; ;333143/Tarifa- Policard;0;
 ; ; ; ; ; ; ; ; ;333145/Tarifa -Tricard Hibrido;0;
 ; ; ; ; ; ; ; ; ;333148/Tarifa -UP Brasil;800,6;
 ; ; ; ; ; ; ; ; ;333149/Anuidade C Cred;0;
 ; ; ; ; ; ; ; ; ;333153/Tarifa - Sodexo Gift;21,8;
 ; ; ; ; ; ; ; ; ;333154/Tarifa T.r.;210,12;
 ; ; ; ; ; ; ; ; ;333155/Tarifa Ticket Flex;276,6;
 ; ; ; ; ; ; ; ; ;333156/Tarifa - Ben Visa;0;
 ; ; ; ; ; ; ; ; ;333157/Tarifa - PIX;0;
 ; ; ; ; ; ; ; ; ;333158/Tarifa -Green Card Ref;0;
 ; ; ; ; ; ; ; ; ;333160/Tarifa - Green Card - Alimentação;0;
 ; ; ; ; ; ; ; ; ;333206/Perdas c/ Créditos Incobráveis;0;
 ; ; ; ; ; ; ; ; ;333211/Falta de Cx ñ Cobrada;100;
 ; ; ; ; ; ; ; ; ; ;;
 ; ; ; ; ; ; ; ; ; ;;
 ; ; ; ; ; ; ; ; ; ;;
 ; ; ; ; ; ; ; ; ; ;;
 ; ; ; ; ; ; ; ; ; ;256071,5;
 ; ; ; ; ; ; ; ; ; ;14041235,7;
 ; ; ; ; ; ; ; ; ; ;200556,9;
 ; ; ; ; ; ; ; ; ; ;18661,54;
 ; ; ; ; ; ; ; ; ; ;14497864,1;
 ; ; ; ; ; ; ; ; ; ;;
 ; ; ; ; ; ; ; ; ; ;;
 ; ; ; ; ; ; ; ; ; ;;
 ; ; ; ; ; ; ; ; ; ;;
 ; ; ; ; ; ; ; ; ; ;;
 ; ; ; ; ; ; ; ; ; ;;
 ; ; ; ; ; ; ; ; ; ;;
 ; ; ; ; ; ; ; ; ; ;;
 ; ; ; ; ; ; ; ; ; ;;
 ; ; ; ; ; ; ; ; ; ;;
 ; ; ; ; ; ; ; ; ; ;;
 ; ; ; ; ; ; ; ; ; ;;
 ; ; ; ; ; ; ; ; ; ;;
 ; ; ; ; ; ; ; ; ; ;;
 ; ; ; ; ; ; ; ; ; ;;
 ; ; ; ; ; ; ; ; ; ;;
 ; ; ; ; ; ; ; ; ; ;;
 ; ; ; ; ; ; ; ; ; ;;
 ; ; ; ; ; ; ; ; ; ;;
 ; ; ; ; ; ; ; ; ; ;;
 ; ; ; ; ; ; ; ; ; ;;
 ; ; ; ; ; ; ; ; ; ;;
 ; ; ; ; ; ; ; ; ; ;;
 ; ; ; ; ; ; ; ; ; ;;
 ; ; ; ; ; ; ; ; ; ;;
 ; ; ; ; ; ; ; ; ; ;;
 ; ; ; ; ; ; ; ; ; ;;
 ; ; ; ; ; ; ; ; ; ;;
 ; ; ; ; ; ; ; ; ; ;;
 ; ; ; ; ; ; ; ; ; ;;
 ; ; ; ; ; ; ; ; ; ;;
 ; ; ; ; ; ; ; ; ; ;;
 ; ; ; ; ; ; ; ; ; ;;
 ; ; ; ; ; ; ; ; ; ;;
 ; ; ; ; ; ; ; ; ; ;;
 ; ; ; ; ; ; ; ; ; ;;
 ; ; ; ; ; ; ; ; ; ;;
 ; ; ; ; ; ; ; ; ; ;;
 ; ; ; ; ; ; ; ; ; ;;
 ; ; ; ; ; ; ; ; ; ;;
 ; ; ; ; ; ; ; ; ; ;;
 ; ; ; ; ; ; ; ; ; ;;
 ; ; ; ; ; ; ; ; ; ;;
 ; ; ; ; ; ; ; ; ; ;;
 ; ; ; ; ; ; ; ; ; ;;
 ; ; ; ; ; ; ; ; ; ;;
 ; ; ; ; ; ; ; ; ; ;;
 ; ; ; ; ; ; ; ; ; ;;
 ; ; ; ; ; ; ; ; ; ;;
 ; ; ; ; ; ; ; ; ; ;;
 ; ; ; ; ; ; ; ; ; ;;
 ; ; ; ; ; ; ; ; ; ;;
 ; ; ; ; ; ; ; ; ; ;;
 ; ; ; ; ; ; ; ; ; ;;
 ; ; ; ; ; ; ; ; ; ;;
 ; ; ; ; ; ; ; ; ; ;;
 ; ; ; ; ; ; ; ; ; ;;
 ; ; ; ; ; ; ; ; ; ;;
 ; ; ; ; ; ; ; ; ; ;;
 ; ; ; ; ; ; ; ; ; ;;
 ; ; ; ; ; ; ; ; ; ;;
 ; ; ; ; ; ; ; ; ; ;;
 ; ; ; ; ; ; ; ; ; ;;
 ; ; ; ; ; ; ; ; ; ;;
 ; ; ; ; ; ; ; ; ; ;;
 ; ; ; ; ; ; ; ; ; ;;
 ; ; ; ; ; ; ; ; ; ;;
 ; ; ; ; ; ; ; ; ; ;;
 ; ; ; ; ; ; ; ; ; ;;
 ; ; ; ; ; ; ; ; ; ;;
 ; ; ; ; ; ; ; ; ; ;;
 ; ; ; ; ; ; ; ; ; ;;
 ; ; ; ; ; ; ; ; ; ;;
 ; ; ; ; ; ; ; ; ; ;;
 ; ; ; ; ; ; ; ; ; ;;
 ; ; ; ; ; ; ; ; ; ;;
 ; ; ; ; ; ; ; ; ; ;;
 ; ; ; ; ; ; ; ; ; ;;
 ; ; ; ; ; ; ; ; ; ;;
