Financeiro - Controladoria Financeira- Guia Tejotão;Column1;_1;_2;_3;_4;_5;_6;_7;_8;_9;_10
Unidades:Supermercado;Periodicidade:Mensal;Período:Maio/2026;;;;;;;;;
 ; ; ; ; ; ; ; ; ; ;;
 ; ;Movimentação Geral;VALOR;P(%); ;Resumo;Movimentação; ; ;;
 ; ;Vendas - Dinheiro;2.695.813,30;18,76%; ;(E) Entradas ==>;14.748.287,49;(I) Saldo Inicial ==>;1.960.155,55;;
 ; ;Vendas Crédito;4.575.779,88;31,84%; ;(S) Saídas ==>;14.927.497,62;(F) Saldo Final ==>;1.780.945,42;;
 ; ;Vendas Débito;4.706.325,56;32,75%; ;(=) Ent - Saídas;-179.210,13;(=) Saldo I - Saldo F;-179.210,13;;
 ; ;Vendas Clientes;760.631,54;5,29%; ; ; ; ; ;;
 ; ;Vendas PIX;1.531.499,16;10,66%; ;Auditoria Planilha;0,00;E-S <=> F-I;0,00;;
 ; ;Vendas - Cheques;101.611,87;0,71%; ; ; ; ; ;;
 ; ;Total de Vendas Recebidas;14.371.661,31;100,00%; ;Ponto de Equilíbrio;0,00; ; ;;
 ; ;( - ) Recebimentos S/ Movimento de Caixa;358.139,76;2,49%; ; ; ; ; ;;
 ; ;( - ) Deduções;52.450,79;0,36%; ; ; ; ; ;;
 ; ;( = ) Vendas Líquidas em Caixa;13.961.070,76;100,00%; ; ; ; ; ;;
 ; ;( - ) Compras;10.680.970,58;76,51%; ; ; ; ; ;;
 ; ;( = ) Margem de Venda;3.280.100,18;23,49%; ; ; ; ; ;;
 ; ;( - ) Impostos Sobre Vendas;361.468,20;2,59%; ; ; ; ; ;;
 ; ;( +) Acordo Comercias;48.114,46;0,34%; ; ; ; ; ;;
 ; ;( + ) Trocas/Devoluções Recebidas;67.884,38;0,49%; ; ; ; ; ;;
 ; ;( = ) Sub Total de Acordos Comerciais Geral;115.998,84;0,83%; ; ; ; ; ;;
 ; ;( + ) Outras Entradas Operacionais;32.547,91;0,23%; ; ; ; ; ;;
 ; ;( - ) Outras Saídas Operacionais;1.428,82;0,01%; ; ; ; ; ;;
 ; ;( + ) Cheques Devolvidos Recebidos;5.234,57;0,04%; ; ; ; ; ;;
 ; ;( - ) Cheques Devolvidos;1.340,49;0,01%; ; ; ; ; ;;
 ; ;Lucro Bruto;3.069.643,99;21,99%; ; ; ; ; ;;
 ; ;Custos da Operação; ; ; ; ; ; ; ;;
 ; ;Despesas Tributárias;12.539,26;0,09%; ; ; ; ; ;;
 ; ;Despesas Tributárias - Multas;0,00;0,00%; ; ; ; ; ;;
 ; ;Fretes;775,00;0,01%; ; ; ; ; ;;
 ; ;Despesas C/ Pessoal;1.525.388,68;10,93%; ; ; ; ; ;;
 ; ;Despesas Administrativas;741.632,32;5,31%; ; ; ; ; ;;
 ; ;Despesas Indedutíveis;6.302,00;0,05%; ; ; ; ; ;;
 ; ;Doações e Patrocínios;3.098,10;0,02%; ; ; ; ; ;;
 ; ;Alugueis;346.167,97;2,48%; ; ; ; ; ;;
 ; ;Taxas Adm de Cartões;143.931,42;1,03%; ; ; ; ; ;;
 ; ;( - ) Recuperação de Despesas;1.096,86;0,01%; ; ; ; ; ;;
 ; ;Total de Custos Operacionais;2.778.737,89;19,90%; ; ; ; ; ;;
 ; ;LUCRO DAS OPERAÇÕES;290.906,10;2,08%; ; ; ; ; ;;
 ; ;Resultado Financeiro;4.906,97;0,04%; ; ; ; ; ;;
 ; ;Receita Financeira;9.724,21;0,07%; ; ; ; ; ;;
 ; ;Despesas Financeiras;4.817,24;0,03%; ; ; ; ; ;;
 ; ;Lucro Antes do IR;295.813,07;2,12%; ; ; ; ; ;;
 ; ;Imposto de Renda;58.711,50;0,42%; ; ; ; ; ;;
 ; ;Lucro Líquido;237.101,57;1,70%; ; ; ; ; ;;
 ; ;Fluxo dos Investimentos & Financiamentos;390.465,92;2,80%; ; ; ; ; ;;
 ; ;SAÍDAS;390.465,92;2,80%; ; ; ; ; ;;
 ; ;( - ) Empréstimos Bancários;84.598,18;0,61%; ; ; ; ; ;;
 ; ;( - ) Parcelamentos; ;0,00%; ; ; ; ; ;;
 ; ;( - ) Imobilizado/Investimentos;305.867,74;2,19%; ; ; ; ; ;;
 ; ;( - )  Juros S/ Empréstimos;0,00;0,00%; ; ; ; ; ;;
 ; ;ENTRADAS; ;0,00%; ; ; ; ; ;;
 ; ;( + )  Empréstimos; ;0,00%; ; ; ; ; ;;
 ; ;( + )  Venda Imobilizados; ;0,00%; ; ; ; ; ;;
 ; ;( + )   Dividendos Outras Empresas; ;0,00%; ; ; ; ; ;;
 ; ;Fluxo dos Adiantamentos;-18.310,74;-0,13%; ; ; ; ; ;;
 ; ;( - ) Adiantamentos Efetuados;31.832,81; ; ; ; ; ; ;;
 ; ;( + ) Adiantamentos Recebidos;50.143,55; ; ; ; ; ; ;;
 ; ;Fluxo dos Cheques Emitidos;24.041,79;0,17%; ; ; ; ; ;;
 ; ;( - ) Cheques Compensados;52.469,73; ; ; ; ; ; ;;
 ; ;( + ) Cheques Emitidos;28.427,94; ; ; ; ; ; ;;
 ; ;NECESSIDADE DE C.G I;-159.095,40;-1,14%; ; ; ; ; ;;
 ; ;Acionistas;19.610,85;0,14%; ; ; ; ; ;;
 ; ;Recurso de Ligadas; ; ; ; ; ; ; ;;
 ; ;Recurso Enviado a Ligadas; ; ; ; ; ; ; ;;
 ; ;VARIAÇÃO DE CAIXA;-178.706,25;-1,28%; ; ; ; ; ;;
 ; ;Resgate/Consórcios ; ; ; ; ; ; ; ;;
 ; ;Aplicação/Consórcios; ; ; ; ; ; ; ;;
 ; ;Entradas de Correspondentes;46.017,92; ; ; ; ; ; ;;
 ; ;Saída de Correspondentes;46.521,80; ; ; ; ; ; ;;
 ; ; ; ; ; ; ; ; ; ;;
 ; ;Movimento Final;-179.210,13; ; ; ; ; ; ;;
 ; ; ; ; ; ; ; ; ;111607/Resgate;0;
 ; ; ; ; ; ; ;Entradas - Total; ;112101/ Clientes a Receber;105823,54;
 ; ; ; ; ; ; ;Resgate;0,00;112150/Pix;21566,34;
 ; ; ; ; ; ; ;111101/Movimento Caixa;2.741.800,41;112210/Convênio Tejotão;0;
 ; ; ; ; ; ; ;112101/Clientes a Receber;340.786,99;112220/ G & C Hoteis;0;
 ; ; ; ; ; ; ;112103/Clientes Boletos;49.019,22;112230/ Tejotão Card 25;1785,63;
 ; ; ; ; ; ; ;112111/Ifood;13.399,97;112231/ Pereira & Sales Loterias;366,25;
 ; ; ; ; ; ; ;112149/Creditos Receber;0,00;112232/A Regional;6356,93;
 ; ; ; ; ; ; ;112150/Pix;1.531.499,16;112238/ Parana Veiculos;72,53;
 ; ; ; ; ; ; ;112210/Convênio Tejotão;0,00;112240/ Esporte Clube Cometa;0;
 ; ; ; ; ; ; ;112213/Tejotão Card;30.090,32;112244/Rossini;0;
 ; ; ; ; ; ; ;112220/GC Hoteis;0,00;112250/Tejotao Card - Cartoes;0;
 ; ;VALIDAÇÃO 211104;194.777,96; ; ; ;112230/ Tejotão Card 25;11.572,10;112251/ Pelegrine e Silva;4220,34;
 ; ; ; ; ; ; ;112231/Pereira & Sales;732,50;112252/ Livio Rinzler e Outros;7273,97;
 ; ;Serviços Normais;194.010,41; ; ; ;112232/A Regional;9.911,32;112253/Entregas e-commerce;0;
 ; ;Serviços - Investimentos;28.708,74; ; ; ;112234/Sombra Lubrificantes;4.822,51;112254/CDL- Câmara de Dirigentes Lojistas;200;
 ; ; ; ; ; ; ;112238/Parana Veiculos;145,06;112259/LF mecanização;23028,66;
 ; ; ; ; ; ; ;112240/Esporte Clube Cometa;0,00;112302/Debito-Alelo Ali;1157,66;
 ; ; ; ; ; ; ;112243/Edmar;0,00;112303/Debito -Cabal-voucher;2234,74;
 ; ; ; ; ; ; ;112244/Rossini;0,00;112308/Debito-Elo;1603,27;
 ; ; ; ; ; ; ;112248/Entregas a Domicilio;151.762,19;112312/Debito - Maestro;8818,47;
 ; ; ; ; ; ; ;112249/Doações a receber;3.098,10;112319/Debito- Sodexo  Alim;3331,49;
 ; ; ; ; ; ; ;112250/Tejotao Card-Cartoes;19.056,48;112320/Debito - Sodexo  Gift;0;
 ; ; ; ; ; ; ;112251/Pelegrine e Silva;8.440,68;112321/Debito - Ticket Alim;1903,61;
 ; ; ; ; ; ; ;112252/Livio Rinzler;13.690,63;112322/Debito - Ticket Restaurante;19,92;
 ; ; ; ; ; ; ;112253/E-commerce;34.984,82;112323/Debito - Ticket Flex;0;
 ; ; ; ; ; ; ;112254/CDL- Câmara de Dirigentes Lojistas;200,00;112326/Debito - Visa Electron;27409,72;
 ; ; ; ; ; ; ;112255/Tejotão Card 10;48.492,34;112327/ Debito - Alelo Refeição;176,84;
 ; ; ; ; ; ; ;112256/Tejotão Card 15;6.752,35;112329/Debito - VR Ali;650,55;
 ; ; ; ; ; ; ;112257/Verídiana de Aguia;0,00;112330/Debito - Sodexo Ref;0;
 ; ; ; ; ; ; ;112258/Café Tejota;13.099,98;112331/Débito - Sodexo Premium;0;
 ; ; ; ; ; ; ;112259/LF mecanização;23.028,66;112350/Credito -AMEX;1912,33;
 ; ; ; ; ; ; ;112260/Rede Orto;573,98;112351/Credito - Hipercard;0;
 ; ; ; ; ; ; ;112302/Debito-Alelo Ali;121.422,22;112352/Credito - Cabal;0;
 ; ; ; ; ; ; ;112303/Debito - Cabal-voucher;137.510,80;112353/Credito-GoodCard;0;
 ; ; ; ; ; ; ;112308/Debito-Elo;493.653,02;112355/Credito - ECX Card;0;
 ; ; ; ; ; ; ;112312/Debito - Maestro;1.478.785,99;112357/Credito - Elo;23644,89;
 ; ; ; ; ; ; ;112311/Devedores Duvidosos;0,00;112358/Debito - Elo Voucher;141,39;
 ; ; ; ; ; ; ;112319/Debito - Sodexo - Alimentação;273.767,52;112361/Credito - Mastercard;48383,36;
 ; ; ; ; ; ; ;112320/Debito - Sodexo - Gift;0,00;112372/Credito - Visa;14247,63;
 ; ; ; ; ; ; ;112321/Debito - Ticket Alim;158.199,44;112373/Credito - Vale Card;0;
 ; ; ; ; ; ; ;112322/Debito - Ticket Restaurante;146,35;112375/Credito - Policard/Up Brasil;205,89;
 ; ; ; ; ; ; ;112323/Debito - Ticket Flex;141,06;112379/Credito - Tricard;200,89;
 ; ; ; ; ; ; ;112326/Debito - Visa Electron;1.790.735,22;112380/Debito -VR ref;0;
 ; ; ; ; ; ; ;112327/Debito - Alelo Refeição;17.591,83;112381/Debito - Cabal;639,34;
 ; ; ; ; ; ; ;112329/Debito - VR Alimentação;139.868,34;112382/Debito- Ben Vale Refeição;0;
 ; ; ; ; ; ; ;112330/Debito - Sodexo Refeição Pass;28.798,48;112383/Debito - Ben Vale Alim;0;
 ; ; ; ; ; ; ;112331/Débito - Sodexo Premium Pass;0,00;112386/Debito-Green Card - Alimentação;0;
 ; ; ; ; ; ; ;112350/Credito - American Express - AMEX;23.436,58;112398/Pic Pay;0;
 ; ; ; ; ; ; ;112351/Credito - Hipercard;0,00;112399/POS;0;
 ; ; ; ; ; ; ;112352/Credito - Cabal;0,00;112417/Credito - Sysprocard;0;
 ; ; ; ; ; ; ;112353/Credito-GoodCard;217,00;112501/Cheque AV;14014,89;
 ; ; ; ; ; ; ;112357/Credito - Elo;408.291,68;112502/Cheque Pre;59777,35;
 ; ; ; ; ; ; ;112358/Debito - Elo Voucher;41.554,12;112503/Cheque devolvido;1340,49;
 ; ; ; ; ; ; ;112359/Credito - Elo Voucher;0,00;112703/ Devolução de Mercadoria a Receber - RCM;5327,66;
 ; ; ; ; ; ; ;112361/Credito - Mastercard;2.474.220,87;112707/Creditos Trocas em Cobrança;0;
 ; ; ; ; ; ; ;112372/Credito - Visa;1.536.101,48;112985/IRRF a Compensar;1021,4;
 ; ; ; ; ; ; ;112373/Credito - Vale Card;35.013,46;127201/Partic em Outras Sociedades;100;
 ; ; ; ; ; ; ;112375/Credito - Policard/Up Brasil;45.872,25;127203/Aracredi Banco Cooperativa Ltda;0;
 ; ; ; ; ; ; ;112379/Credito - Tricard;48.960,69;211101/Fornec. p/ Revenda;10680970,58;
 ; ; ; ; ; ; ;112380/Debito -VR ref;15.002,61;211102/Fornec p/ Consumo;153830,94;
 ; ; ; ; ; ; ;112381/Debito - Cabal;9.148,56;211103/Fornec de Serviços;393790,97;
 ; ; ; ; ; ; ;112382/Debito- Ben Vale Refeição;0,00;211104/Faturas a Pagar;194010,41;
 ; ; ; ; ; ; ;112383/Debito - Ben Vale Alim;0,00;211105/Fretes a Pagar;775;
 ; ; ; ; ; ; ;112386/Debito-Green Card - Alimentação;194,57;211109/Fornecedor de Investimento;19688,08;
 ; ; ; ; ; ; ;112398/Pic Pay;0,00;211110/Fornec desp gerais;6302;
 ; ; ; ; ; ; ;112417/Credito - Sysprocard;3.471,30;211201/Obrig Imobilizado;286079,66;
 ; ; ; ; ; ; ;112501/Cheque AV;23.703,00;211301/Salários e Ordenado;513267,23;
 ; ; ; ; ; ; ;112502/Cheque Pre;77.908,87;211302/Férias a Pagar;78885,84;
 ; ; ; ; ; ; ;112503/Cheque devolvido;5.234,57;211303/ 13º Salário a Pagar;0;
 ; ; ; ; ; ; ;112701/Adiant. a Fornec.;50.143,55;211304/Verbas Resc a Pagar;37746,04;
 ; ; ; ; ; ; ;112702/Acordo Comercial-verbas;33.493,37;211305/Sindicatos a Pagar;216,47;
 ; ; ; ; ; ; ;112703/Devolução RCM;51.524,33;211306/Pensão Alimentícia;2519,95;
 ; ; ; ; ; ; ;112706/Trocas A Indenizar;3,20;211307/Adiant a Func;249897,39;
 ; ; ; ; ; ; ;112707/Trocas em cobrança;23.330,49;211309/Adto 13º Salário;1576,52;
 ; ; ; ; ; ; ;112710/Acordo Comercial-reduz;0,00;211410/Outras Obrig Trabal a Pagar;83895,35;
 ; ; ; ; ; ; ;112711/Acordo Descontos Obt;386,50;211501/ICMS a Recolher;208123,34;
 ; ; ; ; ; ; ;112713/ Acordos Bonificação;26.976,34;211502/PIS a Recolher;25767,76;
 ; ; ; ; ; ; ;112714/Sell Out;0,00;211503/COFINS a Recolher;118734,93;
 ; ; ; ; ; ; ;112799/Cred c/ Fornecedores;0,00;211504/INSS a Recolher;384892,12;
 ; ; ; ; ; ; ;112801/Adto Funcionários;0,00;211505/FGTS a Pagar;86452,08;
 ; ; ; ; ; ; ;112802/Antecipacao de Férias;0,00;211506/IRPJ a Pagar;42640,81;
 ; ; ; ; ; ; ;112807/Quebra de Caixa;7.494,44;211507/CSLL a Pagar;16070,69;
 ; ; ; ; ; ; ;112949/Outras CR;140,61;211508/IPTU a Pagar;0;
 ; ; ; ; ; ; ;112952/Adto Clientes;0,00;211509/IPVA a Pagar;0;
 ; ; ; ; ; ; ;112953/Adto Clientes;24.647,01;211511/Multas a Pagar;0;
 ; ; ; ; ; ; ;121953/Depósitos Judiciais - LP;0,00;211512/Multas Trabalhistas;8033,48;
 ; ; ; ; ; ; ;211902/Contra Vale a Pagar;0,00;211513/ICMS ST à Recolher;8842,17;
 ; ; ; ; ; ; ;211910/Multi Facil - Recarga de celular;0,00;211550/Fornec Tribut a Rec;0;
 ; ; ; ; ; ; ;211911/Corresp. Bancário;0,00;211601/Funrural a Recolher;5253,87;
 ; ; ; ; ; ; ;211925/Acordos Com a Apropriar;0,00;211602/IRRF a Recolher;10282,71;
 ; ; ; ; ; ; ;211945/Cheques P/Pgto.;28.427,94;211603/ISSQN a Recolher;622,72;
 ; ; ; ; ; ; ;211946/Outras Contas a Pagar;0,00;211604/Pis/Cofins/Csll a Recolher;2564,38;
 ; ; ; ; ; ; ;214304( - ) Juros  Aracredi;0,00;211605/INSS Retido a Recolher;3076,89;
 ; ; ; ; ; ; ;214306( - ) Juros Safra;6.676,69;211901/Devolução de Vendas a Pagar;52450,79;
 ; ; ; ; ; ; ;313101/Juros Recebidos;2.104,95;211902/Contra Vale a Pagar;278;
 ; ; ; ; ; ; ;313102/Descontos Obtidos;5.035,82;211903/Adiant. de Clientes;761,44;
 ; ; ; ; ; ; ;313105/Rend. Aplic. Financeira;2.583,44;211905/Créd Trocas/Boni Inden;1645,98;
 ; ; ; ; ; ; ;313106/Bônus Correspondente Bancário;30,81;211910/Multi Facil - Recarga de celular;0;
 ; ; ; ; ; ; ;313203/Receitas Eventuais;0,00;211911/Corresp. Bancário;35624,8;
 ; ; ; ; ; ; ;313204/Sobra de Cx Fech;0,00;211913/Alugueis a Pagar;346167,97;
 ; ; ; ; ; ; ;313206/Acordo Comerc - Verbas;38.013,64;211914/Convênios Terceiros - Folha de Pagamento;56312,26;
 ; ; ; ; ; ; ;313208/Ganho Recarga;265,85;211915/Vale - Cesta Alimentação;105,29;
 ; ; ; ; ; ; ;313209/SOBRA CEASA;0,00;211916/Repasse Recarga de celular;10897;
 ; ; ; ; ; ; ;331110/Encargos Sociais - INSS;0,00;211917/Vale Cesta - Consolidado;0;
 ; ; ; ; ; ; ;331413/Sistemas Monitorados;1.096,86;211920/Adiant. a Fornecedor;31832,81;
 ; ; ; ; ; ; ;333101/Juros Pagos;0,00;211921/Bonificações a Apropriar;12741,75;
 ; ; ; ; ; ; ;333102/Descontos Concedidos;0,00;211925/Acordos Comerciais a Apropriar;38013,64;
 ; ; ; ; ; ; ;333108/ Tarifas Bancárias;0,00;211930/Depositos Judiciais de Terceiros a pagar;373,55;
 ; ; ; ; ; ; ;333109/Taxas adm Cartoes;0,00;211940/Distrib de Lucro Sócios;19610,85;
 ; ; ; ; ; ; ;333114/Aluguel de P.O.S.;0,00;211945/Cheq Pré P/ Pagam;52469,73;
 ; ; ; ; ; ; ;333206/Perdas s/ Créditos;0,00;211946/Outras Contas Pagar;0;
 ; ; ; ; ; ; ; ; ;211948/Outras Contas a pagar - I;11305,95;
 ; ; ; ; ; ; ; ; ;211949/Outras CP - Fornecedores;0;
 ; ; ; ; ; ; ; ; ;214303/Banco Aracredi;0;
 ; ; ; ; ; ; ; ; ;214305/Banco Safra;84598,18;
 ; ; ; ; ; ; ; ; ;312107/Chargeback;0;
 ; ; ; ; ; ; ; ; ;313102/Descontos Obtidos;0;
 ; ; ; ; ; ; ; ; ;313107/Desc Obt - Acordos Comerciais;0;
 ; ; ; ; ; ; ; ; ;321255/( - ) Bonificações;15,83;
 ; ; ; ; ; ; ; ; ;331110/Encargos Sociais - INSS;0;
 ; ; ; ; ; ; ; ; ;331305/Multas Dedutíveis;0;
 ; ; ; ; ; ; ; ; ;332615/Taxas Ifood;1556,18;
 ; ; ; ; ; ; ; ; ;332707/Doações;3098,1;
 ; ; ; ; ; ; ; ; ;333101/Juros Pagos;4,48;
 ; ; ; ; ; ; ; ; ;333102/Desc. Concedidos;1317,45;
 ; ; ; ; ; ; ; ; ;333107/IOF;802,45;
 ; ; ; ; ; ; ; ; ;333108/Tarifas Bancárias;2686,85;
 ; ; ; ; ; ; ; ; ;333109/Taxas adm Cartoes;130683,49;
 ; ; ; ; ; ; ; ; ;333111/Tarifa s/ Cobrança;6,01;
 ; ; ; ; ; ; ; ; ;333114/Aluguel de P.O.S.;3708,48;
 ; ; ; ; ; ; ; ; ;333117/Juros Empr/Financ;6676,69;
 ; ; ; ; ; ; ; ; ;333120/Tarifa  Alelo Ali;53,1;
 ; ; ; ; ; ; ; ; ;333124/Tarifa - Sodexo Alim;700,82;
 ; ; ; ; ; ; ; ; ;333125/Tarifa - Ticket Alim;2778,17;
 ; ; ; ; ; ; ; ; ;333127/ Tarifa Debito - Alelo Refeição;0;
 ; ; ; ; ; ; ; ; ;333128/Tarifa- VR Benef;908,81;
 ; ; ; ; ; ; ; ; ;333129/Tarifa - Sodexo Ref;37,96;
 ; ; ; ; ; ; ; ; ;333130/Tarifa- Sodexo Premium;0;
 ; ; ; ; ; ; ; ; ;333131/Tarifa - AMEX;35,5;
 ; ; ; ; ; ; ; ; ;333133/Tarifa Credito - Cabal;0;
 ; ; ; ; ; ; ; ; ;333134/ Tarifa GoodCard;4,08;
 ; ; ; ; ; ; ; ; ;333135/Tarifa Cred System;7;
 ; ; ; ; ; ; ; ; ;333136/Tarifa - ECX Card;0;
 ; ; ; ; ; ; ; ; ;333139/Tarifa- Mastercard;0;
 ; ; ; ; ; ; ; ; ;333141/Tarifa - Vale Card;714,46;
 ; ; ; ; ; ; ; ; ;333143/Tarifa- Policard;0;
 ; ; ; ; ; ; ; ; ;333145/Tarifa -Tricard Hibrido;0;
 ; ; ; ; ; ; ; ; ;333148/Tarifa -UP Brasil;772,42;
 ; ; ; ; ; ; ; ; ;333149/Anuidade C Cred;274,5;
 ; ; ; ; ; ; ; ; ;333153/Tarifa - Sodexo Gift;21,8;
 ; ; ; ; ; ; ; ; ;333154/Tarifa T.r.;798,54;
 ; ; ; ; ; ; ; ; ;333155/Tarifa Ticket Flex;867,11;
 ; ; ; ; ; ; ; ; ;333156/Tarifa - Ben Visa;0;
 ; ; ; ; ; ; ; ; ;333157/Tarifa - PIX;0;
 ; ; ; ; ; ; ; ; ;333158/Tarifa -Green Card Ref;0;
 ; ; ; ; ; ; ; ; ;333160/Tarifa - Green Card - Alimentação;9;
 ; ; ; ; ; ; ; ; ;333206/Perdas c/ Créditos Incobráveis;0;
 ; ; ; ; ; ; ; ; ;333211/Falta de Cx ñ Cobrada;0;
 ; ; ; ; ; ; ; ; ; ;;
 ; ; ; ; ; ; ; ; ; ;;
 ; ; ; ; ; ; ; ; ; ;;
 ; ; ; ; ; ; ; ; ; ;;
 ; ; ; ; ; ; ; ; ; ;365587,92;
 ; ; ; ; ; ; ; ; ; ;14368589,13;
 ; ; ; ; ; ; ; ; ; ;181873,23;
 ; ; ; ; ; ; ; ; ; ;11447,34;
 ; ; ; ; ; ; ; ; ; ;14916050,28;
 ; ; ; ; ; ; ; ; ; ;;
 ; ; ; ; ; ; ; ; ; ;;
 ; ; ; ; ; ; ; ; ; ;;
 ; ; ; ; ; ; ; ; ; ;;
 ; ; ; ; ; ; ; ; ; ;;
 ; ; ; ; ; ; ; ; ; ;;
 ; ; ; ; ; ; ; ; ; ;;
 ; ; ; ; ; ; ; ; ; ;;
 ; ; ; ; ; ; ; ; ; ;;
 ; ; ; ; ; ; ; ; ; ;;
 ; ; ; ; ; ; ; ; ; ;;
 ; ; ; ; ; ; ; ; ; ;;
 ; ; ; ; ; ; ; ; ; ;;
 ; ; ; ; ; ; ; ; ; ;;
 ; ; ; ; ; ; ; ; ; ;;
 ; ; ; ; ; ; ; ; ; ;;
 ; ; ; ; ; ; ; ; ; ;;
 ; ; ; ; ; ; ; ; ; ;;
 ; ; ; ; ; ; ; ; ; ;;
 ; ; ; ; ; ; ; ; ; ;;
 ; ; ; ; ; ; ; ; ; ;;
 ; ; ; ; ; ; ; ; ; ;;
 ; ; ; ; ; ; ; ; ; ;;
 ; ; ; ; ; ; ; ; ; ;;
 ; ; ; ; ; ; ; ; ; ;;
 ; ; ; ; ; ; ; ; ; ;;
 ; ; ; ; ; ; ; ; ; ;;
 ; ; ; ; ; ; ; ; ; ;;
 ; ; ; ; ; ; ; ; ; ;;
 ; ; ; ; ; ; ; ; ; ;;
 ; ; ; ; ; ; ; ; ; ;;
 ; ; ; ; ; ; ; ; ; ;;
 ; ; ; ; ; ; ; ; ; ;;
 ; ; ; ; ; ; ; ; ; ;;
 ; ; ; ; ; ; ; ; ; ;;
 ; ; ; ; ; ; ; ; ; ;;
 ; ; ; ; ; ; ; ; ; ;;
 ; ; ; ; ; ; ; ; ; ;;
 ; ; ; ; ; ; ; ; ; ;;
 ; ; ; ; ; ; ; ; ; ;;
 ; ; ; ; ; ; ; ; ; ;;
 ; ; ; ; ; ; ; ; ; ;;
 ; ; ; ; ; ; ; ; ; ;;
 ; ; ; ; ; ; ; ; ; ;;
 ; ; ; ; ; ; ; ; ; ;;
 ; ; ; ; ; ; ; ; ; ;;
 ; ; ; ; ; ; ; ; ; ;;
 ; ; ; ; ; ; ; ; ; ;;
 ; ; ; ; ; ; ; ; ; ;;
 ; ; ; ; ; ; ; ; ; ;;
 ; ; ; ; ; ; ; ; ; ;;
 ; ; ; ; ; ; ; ; ; ;;
 ; ; ; ; ; ; ; ; ; ;;
 ; ; ; ; ; ; ; ; ; ;;
 ; ; ; ; ; ; ; ; ; ;;
 ; ; ; ; ; ; ; ; ; ;;
 ; ; ; ; ; ; ; ; ; ;;
 ; ; ; ; ; ; ; ; ; ;;
 ; ; ; ; ; ; ; ; ; ;;
 ; ; ; ; ; ; ; ; ; ;;
 ; ; ; ; ; ; ; ; ; ;;
 ; ; ; ; ; ; ; ; ; ;;
 ; ; ; ; ; ; ; ; ; ;;
 ; ; ; ; ; ; ; ; ; ;;
 ; ; ; ; ; ; ; ; ; ;;
 ; ; ; ; ; ; ; ; ; ;;
 ; ; ; ; ; ; ; ; ; ;;
 ; ; ; ; ; ; ; ; ; ;;
 ; ; ; ; ; ; ; ; ; ;;
 ; ; ; ; ; ; ; ; ; ;;
 ; ; ; ; ; ; ; ; ; ;;
 ; ; ; ; ; ; ; ; ; ;;
 ; ; ; ; ; ; ; ; ; ;;
 ; ; ; ; ; ; ; ; ; ;;
 ; ; ; ; ; ; ; ; ; ;;
 ; ; ; ; ; ; ; ; ; ;;
 ; ; ; ; ; ; ; ; ; ;;
 ; ; ; ; ; ; ; ; ; ;;
 ; ; ; ; ; ; ; ; ; ;;
